{
  "project_info": {
    "project_number": "306427656576",
    "firebase_url": "https://counter-ad85f.firebaseio.com",
    "project_id": "counter-ad85f",
    "storage_bucket": "counter-ad85f.appspot.com"
  },
  "client": [
    {
      "client_info": {
        "mobilesdk_app_id": "1:306427656576:android:28083a65fc4ada1fb62965",
        "android_client_info": {
          "package_name": "com.example.counter"
        }
      },
      "oauth_client": [
        {
          "client_id": "306427656576-k3ho2i6mrv4qpkijpet8cqrlbd6b5ljb.apps.googleusercontent.com",
          "client_type": 3
        }
      ],
      "api_key": [
        {
          "current_key": "AIzaSyBaFf9RsWLatDHTm9qcmJ66gga8jZvCNm8"
        }
      ],
      "services": {
        "appinvite_service": {
          "other_platform_oauth_client": [
            {
              "client_id": "306427656576-k3ho2i6mrv4qpkijpet8cqrlbd6b5ljb.apps.googleusercontent.com",
              "client_type": 3
            }
          ]
        }
      }
    }
  ],
  "configuration_version": "1"
}